{
    "data":{
        "attributes":{
            "position":{
                "itemSize":3,
                "type":"Float32Array",
                "array":[-0.866109,-2.64768,-5.35394,-2.30574,-2.71025,-5.78491,-1.33199,-0.682214,-8.25806,-1.35928,2.29759,-8.12139,-2.97847,2.8772,-7.17851,-0.394889,1.80367,-5.02553,-0.815656,-0.796833,-4.29801,0.192535,-0.910677,-6.07128,-0.394889,1.80367,-5.02553,-1.50593,-2.05013,-4.23932,-0.151326,-2.00857,-3.84977,-0.815656,-0.796833,-4.29801,-1.33199,-0.682214,-8.25806,-2.87651,-0.222063,-6.60948,-2.48362,0.588763,-8.45067,0.192535,-0.910677,-6.07128,0.396332,-1.89473,-5.81417,-0.866109,-2.64768,-5.35394,-2.18764,2.21815,-5.7501,-3.17925,1.08932,-4.07128,-0.394889,1.80367,-5.02553,-0.860109,1.08932,-7.75059,-1.33199,-0.682214,-8.25806,-1.35928,2.29759,-8.12139,-2.87651,-0.222063,-6.60948,-3.17925,1.08932,-4.07128,-2.18764,2.21815,-5.7501,0.192535,-0.910677,-6.07128,-0.860109,1.08932,-7.75059,-0.394889,1.80367,-5.02553,-2.48362,0.588763,-8.45067,-2.98279,2.10379,-8.54541,-1.33199,-0.682214,-8.25806,-2.97847,2.8772,-7.17851,-2.98279,2.10379,-8.54541,-2.48362,0.588763,-8.45067,-0.815656,-0.796833,-4.29801,-0.394889,1.80367,-5.02553,-3.17925,1.08932,-4.07128,-1.50593,-2.05013,-4.23932,-2.87651,-0.222063,-6.60948,-4.0299,-1.38253,-5.53402,-1.50593,-2.05013,-4.23932,-4.0299,-1.38253,-5.53402,-2.30574,-2.71025,-5.78491,-0.866109,-2.64768,-5.35394,-1.50593,-2.05013,-4.23932,-2.30574,-2.71025,-5.78491,-4.0299,-1.38253,-5.53402,-2.92423,-1.84268,-7.86278,-2.30574,-2.71025,-5.78491,-2.30574,-2.71025,-5.78491,-2.92423,-1.84268,-7.86278,-1.33199,-0.682214,-8.25806,-2.92423,-1.84268,-7.86278,-4.0299,-1.38253,-5.53402,-2.87651,-0.222063,-6.60948,0.396332,-1.89473,-5.81417,-0.151326,-2.00857,-3.84977,-0.866109,-2.64768,-5.35394,-0.151326,-2.00857,-3.84977,-1.50593,-2.05013,-4.23932,-0.866109,-2.64768,-5.35394,0.192535,-0.910677,-6.07128,-0.815656,-0.796833,-4.29801,0.396332,-1.89473,-5.81417,-2.97847,2.8772,-7.17851,-1.35928,2.29759,-8.12139,-2.98279,2.10379,-8.54541,-0.860109,1.08932,-7.75059,-1.35928,2.29759,-8.12139,-0.394889,1.80367,-5.02553,-2.98279,2.10379,-8.54541,-1.35928,2.29759,-8.12139,-1.33199,-0.682214,-8.25806,-0.394889,1.80367,-5.02553,-2.97847,2.8772,-7.17851,-2.18764,2.21815,-5.7501,-2.18764,2.21815,-5.7501,-2.97847,2.8772,-7.17851,-2.87651,-0.222063,-6.60948,-2.87651,-0.222063,-6.60948,-2.97847,2.8772,-7.17851,-2.48362,0.588763,-8.45067,0.192535,-0.910677,-6.07128,-0.866109,-2.64768,-5.35394,-1.33199,-0.682214,-8.25806,-0.860109,1.08932,-7.75059,0.192535,-0.910677,-6.07128,-1.33199,-0.682214,-8.25806,-0.815656,-0.796833,-4.29801,-0.151326,-2.00857,-3.84977,0.396332,-1.89473,-5.81417,-2.87651,-0.222063,-6.60948,-1.50593,-2.05013,-4.23932,-0.815656,-0.796833,-4.29801,-3.17925,1.08932,-4.07128,-2.87651,-0.222063,-6.60948,-0.815656,-0.796833,-4.29801,-2.87651,-0.222063,-6.60948,-1.33199,-0.682214,-8.25806,-2.92423,-1.84268,-7.86278]
            },
            "normal":{
                "itemSize":3,
                "type":"Float32Array",
                "array":[0.205459,-0.79488,-0.570923,0.205459,-0.79488,-0.570923,0.205459,-0.79488,-0.570923,0.3563,0.9336,0.0379582,0.3563,0.9336,0.0379582,0.3563,0.9336,0.0379582,0.869253,-0.00234295,0.494363,0.869253,-0.00234295,0.494363,0.869253,-0.00234295,0.494363,-0.276552,0.196369,0.940722,-0.276552,0.196369,0.940722,-0.276552,0.196369,0.940722,-0.639957,-0.643507,-0.419946,-0.639957,-0.643507,-0.419946,-0.639957,-0.643507,-0.419946,-0.175205,-0.282687,-0.943075,-0.175205,-0.282687,-0.943075,-0.175205,-0.282687,-0.943075,-0.0274069,0.836961,0.546576,-0.0274069,0.836961,0.546576,-0.0274069,0.836961,0.546576,0.657201,0.0405381,-0.752624,0.657201,0.0405381,-0.752624,0.657201,0.0405381,-0.752624,-0.890094,0.352867,-0.288476,-0.890094,0.352867,-0.288476,-0.890094,0.352867,-0.288476,0.927464,0.291119,-0.23465,0.927464,0.291119,-0.23465,0.927464,0.291119,-0.23465,0.152553,-0.0115333,-0.988228,0.152553,-0.0115333,-0.988228,0.152553,-0.0115333,-0.988228,-0.938782,-0.29856,0.171902,-0.938782,-0.29856,0.171902,-0.938782,-0.29856,0.171902,0.265373,0.219697,0.938781,0.265373,0.219697,0.938781,0.265373,0.219697,0.938781,-0.138672,0.743793,0.653867,-0.138672,0.743793,0.653867,-0.138672,0.743793,0.653867,-0.462879,-0.703093,0.539818,-0.462879,-0.703093,0.539818,-0.462879,-0.703093,0.539818,-0.0897112,-0.898317,0.43009,-0.0897112,-0.898317,0.43009,-0.0897112,-0.898317,0.43009,-0.616826,-0.774583,-0.13981,-0.616826,-0.774583,-0.13981,-0.616826,-0.774583,-0.13981,0.448084,-0.769695,-0.454742,0.448084,-0.769695,-0.454742,0.448084,-0.769695,-0.454742,-0.80556,0.377135,-0.456993,-0.80556,0.377135,-0.456993,-0.80556,0.377135,-0.456993,0.536523,-0.837817,0.101023,0.536523,-0.837817,0.101023,0.536523,-0.837817,0.101023,-0.0952942,-0.899077,0.427293,-0.0952942,-0.899077,0.427293,-0.0952942,-0.899077,0.427293,0.839015,0.293471,0.45818,0.839015,0.293471,0.45818,0.839015,0.293471,0.45818,0.0247319,0.870039,-0.492362,0.0247319,0.870039,-0.492362,0.0247319,0.870039,-0.492362,0.921292,0.307598,-0.237916,0.921292,0.307598,-0.237916,0.921292,0.307598,-0.237916,0.247205,0.0466545,-0.967839,0.247205,0.0466545,-0.967839,0.247205,0.0466545,-0.967839,0.0528545,0.91755,0.394091,0.0528545,0.91755,0.394091,0.0528545,0.91755,0.394091,-0.860109,0.0646084,0.506003,-0.860109,0.0646084,0.506003,-0.860109,0.0646084,0.506003,-0.967817,-0.0758912,-0.23994,-0.967817,-0.0758912,-0.23994,-0.967817,-0.0758912,-0.23994,0.63097,-0.591749,-0.501707,0.63097,-0.591749,-0.501707,0.63097,-0.591749,-0.501707,0.816581,-0.0528534,-0.574806,0.816581,-0.0528534,-0.574806,0.816581,-0.0528534,-0.574806,0.80483,0.53573,0.255427,0.80483,0.53573,0.255427,0.80483,0.53573,0.255427,-0.639876,0.383605,0.665887,-0.639876,0.383605,0.665887,-0.639876,0.383605,0.665887,-0.571504,-0.754853,0.321838,-0.571504,-0.754853,0.321838,-0.571504,-0.754853,0.321838,-0.544154,0.523222,-0.655847,-0.544154,0.523222,-0.655847,-0.544154,0.523222,-0.655847]
            }
        },
        "groups":[{
            "materialIndex":0,
            "count":102,
            "start":0
        }],
        "index":{
            "itemSize":1,
            "type":"Uint16Array",
            "array":[0,1,2,3,4,5,6,7,8,9,10,11,12,13,14,15,16,17,18,19,20,21,22,23,24,25,26,27,28,29,30,31,32,33,34,35,36,37,38,39,40,41,42,43,44,45,46,47,48,49,50,51,52,53,54,55,56,57,58,59,60,61,62,63,64,65,66,67,68,69,70,71,72,73,74,75,76,77,78,79,80,81,82,83,84,85,86,87,88,89,90,91,92,93,94,95,96,97,98,99,100,101]
        }
    },
    "metadata":{
        "position":102,
        "version":3,
        "type":"BufferGeometry",
        "generator":"io_three",
        "normal":102
    }
}